1001,josesousa,jose,sousa,josesousa@teste.com.br,200000,41998898800,0
1002,josecorreia,jose,correia,josecorreia@teste.com.br,300000,51998898800,0
1003,josepereira,jose,pereira,josepereira@teste.com.br,400000,61998898800,0
1004,josegouveia,jose,gouveia,josegouveia@teste.com.br,100000,88998898800,0
1005,josesilva,jose,silva,josesilva@teste.com.br,200000,11998898800,0
1006,joanasousa,joana,sousa,joanasousa@teste.com.br,300000,61998898800,0
1007,joanacorreia,joana,correia,joanacorreia@teste.com.br,400000,88998898800,0
1008,joanapereira,joana,pereira,joanapereira@teste.com.br,100000,11998898800,0
1009,joanagouveia,joana,gouveia,joanagouveia@teste.com.br,200000,11998898800,0
1010,joanasilva,joana,silva,joanasilva@teste.com.br,100000,41998898800,0
1011,joanasilva8,joana,silva,joanasilva8@teste.com.br,200000,51998898800,0
1012,mariocorreia,mario,correia,mariocorreia@teste.com.br,100000,11998898800,0
1013,mariopereira,mario,pereira,mariopereira@teste.com.br,200000,41998898800,0
1014,mariogouveia,mario,gouveia,mariogouveia@teste.com.br,100000,51998898800,0
1015,mariosilva2,mario,silva,mariosilva2@teste.com.br,200000,61998898800,0
1016,mariosilva,mario,silva,mariosilva@teste.com.br,300000,88998898800,0
1017,mariosousa,mario,sousa,mariosousa@teste.com.br,400000,11998898800,0
1018,marianapereira,mariana,pereira,marianapereira@teste.com.br,100000,61998898800,0
1019,marianagouveia,mariana,gouveia,marianagouveia@teste.com.br,200000,88998898800,0
1020,marianasilva,mariana,silva,marianasilva@teste.com.br,300000,11998898800,0
1021,marianasilva2,mariana,silva,marianasilva2@teste.com.br,400000,11998898800,0
1022,marianasousa,mariana,sousa,marianasousa@teste.com.br,100000,41998898800,0
1023,marianacorreia,mariana,correia,marianacorreia@teste.com.br,200000,51998898800,0
1024,otaviogouveia,otavio,gouveia,otaviogouveia@teste.com.br,300000,11998898800,0
1025,otaviosilva,otavio,silva,otaviosilva@teste.com.br,400000,41998898800,0
1026,otaviosilva4,otavio,silva,otaviosilva4@teste.com.br,100000,51998898800,0
1027,otaviosousa,otavio,sousa,otaviosousa@teste.com.br,200000,61998898800,0
1028,otaviocorreia,otavio,correia,otaviocorreia@teste.com.br,100000,88998898800,0
1029,otaviopereira,otavio,pereira,otaviopereira@teste.com.br,200000,11998898800,0
1030,brendasilva,brenda,silva,brendasilva@teste.com.br,100000,61998898800,0
1031,brendasilva3,brenda,silva,brendasilva3@teste.com.br,200000,88998898800,0
1032,brendasousa,brenda,sousa,brendasousa@teste.com.br,100000,11998898800,0
1033,brendacorreia,brenda,correia,brendacorreia@teste.com.br,200000,11998898800,0
1034,brendapereira,brenda,pereira,brendapereira@teste.com.br,300000,41998898800,0
1035,brendagouveia,brenda,gouveia,brendagouveia@teste.com.br,400000,51998898800,0
